{
  "relationships_close_friends": [
    {
      "title": "",
      "media_list_data": [
        
      ],
      "string_list_data": [
        {
          "href": "https://www.instagram.com/far.ilk",
          "value": "far.ilk",
          "timestamp": 1717778868
        }
      ]
    },
    {
      "title": "",
      "media_list_data": [
        
      ],
      "string_list_data": [
        {
          "href": "https://www.instagram.com/irfanparic",
          "value": "irfanparic",
          "timestamp": 1717778865
        }
      ]
    },
    {
      "title": "",
      "media_list_data": [
        
      ],
      "string_list_data": [
        {
          "href": "https://www.instagram.com/_ilma__s",
          "value": "_ilma__s",
          "timestamp": 1699648301
        }
      ]
    },
    {
      "title": "",
      "media_list_data": [
        
      ],
      "string_list_data": [
        {
          "href": "https://www.instagram.com/chanemelooo",
          "value": "chanemelooo",
          "timestamp": 1697282467
        }
      ]
    }
  ]
}