{
  "relationships_following": [
    {
      "title": "",
      "media_list_data": [
        
      ],
      "string_list_data": [
        {
          "href": "https://www.instagram.com/scottmaximal",
          "value": "scottmaximal",
          "timestamp": 1727036280
        }
      ]
    },
    {
      "title": "",
      "media_list_data": [
        
      ],
      "string_list_data": [
        {
          "href": "https://www.instagram.com/dervisevic.v",
          "value": "dervisevic.v",
          "timestamp": 1725646102
        }
      ]
    },
    {
      "title": "",
      "media_list_data": [
        
      ],
      "string_list_data": [
        {
          "href": "https://www.instagram.com/jordanblackie_",
          "value": "jordanblackie_",
          "timestamp": 1725114641
        }
      ]
    },
    {
      "title": "",
      "media_list_data": [
        
      ],
      "string_list_data": [
        {
          "href": "https://www.instagram.com/arman.the.great",
          "value": "arman.the.great",
          "timestamp": 1724720370
        }
      ]
    },
    {
      "title": "",
      "media_list_data": [
        
      ],
      "string_list_data": [
        {
          "href": "https://www.instagram.com/harrylatos",
          "value": "harrylatos",
          "timestamp": 1724439663
        }
      ]
    },
    {
      "title": "",
      "media_list_data": [
        
      ],
      "string_list_data": [
        {
          "href": "https://www.instagram.com/zvezdana.stojakovic",
          "value": "zvezdana.stojakovic",
          "timestamp": 1723027580
        }
      ]
    },
    {
      "title": "",
      "media_list_data": [
        
      ],
      "string_list_data": [
        {
          "href": "https://www.instagram.com/cudaaa46",
          "value": "cudaaa46",
          "timestamp": 1722542889
        }
      ]
    },
    {
      "title": "",
      "media_list_data": [
        
      ],
      "string_list_data": [
        {
          "href": "https://www.instagram.com/shejlahadzialic",
          "value": "shejlahadzialic",
          "timestamp": 1722517003
        }
      ]
    },
    {
      "title": "",
      "media_list_data": [
        
      ],
      "string_list_data": [
        {
          "href": "https://www.instagram.com/ahmedstrinic",
          "value": "ahmedstrinic",
          "timestamp": 1722420991
        }
      ]
    },
    {
      "title": "",
      "media_list_data": [
        
      ],
      "string_list_data": [
        {
          "href": "https://www.instagram.com/lejla.dzanovic.poturkovic",
          "value": "lejla.dzanovic.poturkovic",
          "timestamp": 1721897439
        }
      ]
    },
    {
      "title": "",
      "media_list_data": [
        
      ],
      "string_list_data": [
        {
          "href": "https://www.instagram.com/dealfuel.ceo",
          "value": "dealfuel.ceo",
          "timestamp": 1721809230
        }
      ]
    },
    {
      "title": "",
      "media_list_data": [
        
      ],
      "string_list_data": [
        {
          "href": "https://www.instagram.com/kanitapolimac",
          "value": "kanitapolimac",
          "timestamp": 1721724960
        }
      ]
    },
    {
      "title": "",
      "media_list_data": [
        
      ],
      "string_list_data": [
        {
          "href": "https://www.instagram.com/pi_v_a",
          "value": "pi_v_a",
          "timestamp": 1721638281
        }
      ]
    },
    {
      "title": "",
      "media_list_data": [
        
      ],
      "string_list_data": [
        {
          "href": "https://www.instagram.com/igorsukaa",
          "value": "igorsukaa",
          "timestamp": 1721474302
        }
      ]
    },
    {
      "title": "",
      "media_list_data": [
        
      ],
      "string_list_data": [
        {
          "href": "https://www.instagram.com/fiskee2",
          "value": "fiskee2",
          "timestamp": 1721316645
        }
      ]
    },
    {
      "title": "",
      "media_list_data": [
        
      ],
      "string_list_data": [
        {
          "href": "https://www.instagram.com/balvarymentoring",
          "value": "balvarymentoring",
          "timestamp": 1721310161
        }
      ]
    },
    {
      "title": "",
      "media_list_data": [
        
      ],
      "string_list_data": [
        {
          "href": "https://www.instagram.com/wakeupgbalkan",
          "value": "wakeupgbalkan",
          "timestamp": 1721304264
        }
      ]
    },
    {
      "title": "",
      "media_list_data": [
        
      ],
      "string_list_data": [
        {
          "href": "https://www.instagram.com/devantaemasaun",
          "value": "devantaemasaun",
          "timestamp": 1720625725
        }
      ]
    },
    {
      "title": "",
      "media_list_data": [
        
      ],
      "string_list_data": [
        {
          "href": "https://www.instagram.com/laptopkes",
          "value": "laptopkes",
          "timestamp": 1719686790
        }
      ]
    },
    {
      "title": "",
      "media_list_data": [
        
      ],
      "string_list_data": [
        {
          "href": "https://www.instagram.com/mikestrives",
          "value": "mikestrives",
          "timestamp": 1719630295
        }
      ]
    },
    {
      "title": "",
      "media_list_data": [
        
      ],
      "string_list_data": [
        {
          "href": "https://www.instagram.com/colethomasgordon",
          "value": "colethomasgordon",
          "timestamp": 1715027840
        }
      ]
    },
    {
      "title": "",
      "media_list_data": [
        
      ],
      "string_list_data": [
        {
          "href": "https://www.instagram.com/tariklilic",
          "value": "tariklilic",
          "timestamp": 1710511800
        }
      ]
    },
    {
      "title": "",
      "media_list_data": [
        
      ],
      "string_list_data": [
        {
          "href": "https://www.instagram.com/alex__naoumidiss",
          "value": "alex__naoumidiss",
          "timestamp": 1710458520
        }
      ]
    },
    {
      "title": "",
      "media_list_data": [
        
      ],
      "string_list_data": [
        {
          "href": "https://www.instagram.com/tanovic.01",
          "value": "tanovic.01",
          "timestamp": 1709896772
        }
      ]
    },
    {
      "title": "",
      "media_list_data": [
        
      ],
      "string_list_data": [
        {
          "href": "https://www.instagram.com/amna.k223",
          "value": "amna.k223",
          "timestamp": 1709485313
        }
      ]
    },
    {
      "title": "",
      "media_list_data": [
        
      ],
      "string_list_data": [
        {
          "href": "https://www.instagram.com/neyla.ahm",
          "value": "neyla.ahm",
          "timestamp": 1709240699
        }
      ]
    },
    {
      "title": "",
      "media_list_data": [
        
      ],
      "string_list_data": [
        {
          "href": "https://www.instagram.com/berinacitak",
          "value": "berinacitak",
          "timestamp": 1709028214
        }
      ]
    },
    {
      "title": "",
      "media_list_data": [
        
      ],
      "string_list_data": [
        {
          "href": "https://www.instagram.com/esmaa.alic",
          "value": "esmaa.alic",
          "timestamp": 1706563078
        }
      ]
    },
    {
      "title": "",
      "media_list_data": [
        
      ],
      "string_list_data": [
        {
          "href": "https://www.instagram.com/_loreeeeeeeen_",
          "value": "_loreeeeeeeen_",
          "timestamp": 1704870759
        }
      ]
    },
    {
      "title": "",
      "media_list_data": [
        
      ],
      "string_list_data": [
        {
          "href": "https://www.instagram.com/b.w.a.71000",
          "value": "b.w.a.71000",
          "timestamp": 1703333355
        }
      ]
    },
    {
      "title": "",
      "media_list_data": [
        
      ],
      "string_list_data": [
        {
          "href": "https://www.instagram.com/h4nciii",
          "value": "h4nciii",
          "timestamp": 1700288427
        }
      ]
    },
    {
      "title": "",
      "media_list_data": [
        
      ],
      "string_list_data": [
        {
          "href": "https://www.instagram.com/lehusic",
          "value": "lehusic",
          "timestamp": 1699054673
        }
      ]
    },
    {
      "title": "",
      "media_list_data": [
        
      ],
      "string_list_data": [
        {
          "href": "https://www.instagram.com/rizba.ba",
          "value": "rizba.ba",
          "timestamp": 1698428071
        }
      ]
    },
    {
      "title": "",
      "media_list_data": [
        
      ],
      "string_list_data": [
        {
          "href": "https://www.instagram.com/rizbaa",
          "value": "rizbaa",
          "timestamp": 1698428068
        }
      ]
    },
    {
      "title": "",
      "media_list_data": [
        
      ],
      "string_list_data": [
        {
          "href": "https://www.instagram.com/amilacagalj",
          "value": "amilacagalj",
          "timestamp": 1698092645
        }
      ]
    },
    {
      "title": "",
      "media_list_data": [
        
      ],
      "string_list_data": [
        {
          "href": "https://www.instagram.com/dulicdajla",
          "value": "dulicdajla",
          "timestamp": 1697882688
        }
      ]
    },
    {
      "title": "",
      "media_list_data": [
        
      ],
      "string_list_data": [
        {
          "href": "https://www.instagram.com/far.ilk",
          "value": "far.ilk",
          "timestamp": 1697847423
        }
      ]
    },
    {
      "title": "",
      "media_list_data": [
        
      ],
      "string_list_data": [
        {
          "href": "https://www.instagram.com/ecomlegend",
          "value": "ecomlegend",
          "timestamp": 1697845689
        }
      ]
    },
    {
      "title": "",
      "media_list_data": [
        
      ],
      "string_list_data": [
        {
          "href": "https://www.instagram.com/ilmagutic",
          "value": "ilmagutic",
          "timestamp": 1697661014
        }
      ]
    },
    {
      "title": "",
      "media_list_data": [
        
      ],
      "string_list_data": [
        {
          "href": "https://www.instagram.com/chanemelooo",
          "value": "chanemelooo",
          "timestamp": 1697234789
        }
      ]
    },
    {
      "title": "",
      "media_list_data": [
        
      ],
      "string_list_data": [
        {
          "href": "https://www.instagram.com/ajlatobdziu",
          "value": "ajlatobdziu",
          "timestamp": 1697172410
        }
      ]
    },
    {
      "title": "",
      "media_list_data": [
        
      ],
      "string_list_data": [
        {
          "href": "https://www.instagram.com/lejlaskopljak",
          "value": "lejlaskopljak",
          "timestamp": 1696889628
        }
      ]
    },
    {
      "title": "",
      "media_list_data": [
        
      ],
      "string_list_data": [
        {
          "href": "https://www.instagram.com/mehanovicadna",
          "value": "mehanovicadna",
          "timestamp": 1696262567
        }
      ]
    }
  ]
}