{
  "relationships_follow_requests_received": [
    {
      "title": "",
      "media_list_data": [
        
      ],
      "string_list_data": [
        {
          "href": "https://www.instagram.com/vanja_milenkovicc",
          "value": "vanja_milenkovicc",
          "timestamp": 1726839271
        }
      ]
    },
    {
      "title": "",
      "media_list_data": [
        
      ],
      "string_list_data": [
        {
          "href": "https://www.instagram.com/stockmodelsbg",
          "value": "stockmodelsbg",
          "timestamp": 1725824896
        }
      ]
    },
    {
      "title": "",
      "media_list_data": [
        
      ],
      "string_list_data": [
        {
          "href": "https://www.instagram.com/maida.p_98",
          "value": "maida.p_98",
          "timestamp": 1725221639
        }
      ]
    },
    {
      "title": "",
      "media_list_data": [
        
      ],
      "string_list_data": [
        {
          "href": "https://www.instagram.com/laylamulic",
          "value": "laylamulic",
          "timestamp": 1723710941
        }
      ]
    },
    {
      "title": "",
      "media_list_data": [
        
      ],
      "string_list_data": [
        {
          "href": "https://www.instagram.com/b.ehlimana",
          "value": "b.ehlimana",
          "timestamp": 1723643189
        }
      ]
    },
    {
      "title": "",
      "media_list_data": [
        
      ],
      "string_list_data": [
        {
          "href": "https://www.instagram.com/leejla022",
          "value": "leejla022",
          "timestamp": 1722536815
        }
      ]
    },
    {
      "title": "",
      "media_list_data": [
        
      ],
      "string_list_data": [
        {
          "href": "https://www.instagram.com/path2success.ecom",
          "value": "path2success.ecom",
          "timestamp": 1721856182
        }
      ]
    },
    {
      "title": "",
      "media_list_data": [
        
      ],
      "string_list_data": [
        {
          "href": "https://www.instagram.com/sultan.arabian.market.bih",
          "value": "sultan.arabian.market.bih",
          "timestamp": 1717930323
        }
      ]
    },
    {
      "title": "",
      "media_list_data": [
        
      ],
      "string_list_data": [
        {
          "href": "https://www.instagram.com/hadsvik",
          "value": "hadsvik",
          "timestamp": 1717868373
        }
      ]
    },
    {
      "title": "",
      "media_list_data": [
        
      ],
      "string_list_data": [
        {
          "href": "https://www.instagram.com/itskelko",
          "value": "itskelko",
          "timestamp": 1716502539
        }
      ]
    },
    {
      "title": "",
      "media_list_data": [
        
      ],
      "string_list_data": [
        {
          "href": "https://www.instagram.com/njemcevic.aldea",
          "value": "njemcevic.aldea",
          "timestamp": 1716406439
        }
      ]
    },
    {
      "title": "",
      "media_list_data": [
        
      ],
      "string_list_data": [
        {
          "href": "https://www.instagram.com/maja.misic01",
          "value": "maja.misic01",
          "timestamp": 1716201815
        }
      ]
    },
    {
      "title": "",
      "media_list_data": [
        
      ],
      "string_list_data": [
        {
          "href": "https://www.instagram.com/lejla3004",
          "value": "lejla3004",
          "timestamp": 1715921406
        }
      ]
    },
    {
      "title": "",
      "media_list_data": [
        
      ],
      "string_list_data": [
        {
          "href": "https://www.instagram.com/fatimaskoljic__",
          "value": "fatimaskoljic__",
          "timestamp": 1715426866
        }
      ]
    },
    {
      "title": "",
      "media_list_data": [
        
      ],
      "string_list_data": [
        {
          "href": "https://www.instagram.com/lejla.dolores",
          "value": "lejla.dolores",
          "timestamp": 1715286655
        }
      ]
    },
    {
      "title": "",
      "media_list_data": [
        
      ],
      "string_list_data": [
        {
          "href": "https://www.instagram.com/jasmhc",
          "value": "jasmhc",
          "timestamp": 1712782457
        }
      ]
    },
    {
      "title": "",
      "media_list_data": [
        
      ],
      "string_list_data": [
        {
          "href": "https://www.instagram.com/ron_a_hasan",
          "value": "ron_a_hasan",
          "timestamp": 1712347905
        }
      ]
    },
    {
      "title": "",
      "media_list_data": [
        
      ],
      "string_list_data": [
        {
          "href": "https://www.instagram.com/q2._ra",
          "value": "q2._ra",
          "timestamp": 1705956320
        }
      ]
    },
    {
      "title": "",
      "media_list_data": [
        
      ],
      "string_list_data": [
        {
          "href": "https://www.instagram.com/cxcx5210",
          "value": "cxcx5210",
          "timestamp": 1705446291
        }
      ]
    },
    {
      "title": "",
      "media_list_data": [
        
      ],
      "string_list_data": [
        {
          "href": "https://www.instagram.com/figlio_nero9",
          "value": "figlio_nero9",
          "timestamp": 1703701997
        }
      ]
    },
    {
      "title": "",
      "media_list_data": [
        
      ],
      "string_list_data": [
        {
          "href": "https://www.instagram.com/anonymousrevolution3",
          "value": "anonymousrevolution3",
          "timestamp": 1702539173
        }
      ]
    },
    {
      "title": "",
      "media_list_data": [
        
      ],
      "string_list_data": [
        {
          "href": "https://www.instagram.com/bakirsmajlovic",
          "value": "bakirsmajlovic",
          "timestamp": 1702086041
        }
      ]
    },
    {
      "title": "",
      "media_list_data": [
        
      ],
      "string_list_data": [
        {
          "href": "https://www.instagram.com/emrah.beauty",
          "value": "emrah.beauty",
          "timestamp": 1699895434
        }
      ]
    }
  ]
}