{
  "relationships_follow_requests_sent": [
    {
      "title": "",
      "media_list_data": [
        
      ],
      "string_list_data": [
        {
          "href": "https://www.instagram.com/aida.terzic.official",
          "value": "aida.terzic.official",
          "timestamp": 1723978302
        }
      ]
    },
    {
      "title": "",
      "media_list_data": [
        
      ],
      "string_list_data": [
        {
          "href": "https://www.instagram.com/emminah__",
          "value": "emminah__",
          "timestamp": 1723373180
        }
      ]
    },
    {
      "title": "",
      "media_list_data": [
        
      ],
      "string_list_data": [
        {
          "href": "https://www.instagram.com/dzejlana_jusic",
          "value": "dzejlana_jusic",
          "timestamp": 1723028647
        }
      ]
    },
    {
      "title": "",
      "media_list_data": [
        
      ],
      "string_list_data": [
        {
          "href": "https://www.instagram.com/lejlamtaa",
          "value": "lejlamtaa",
          "timestamp": 1722070394
        }
      ]
    },
    {
      "title": "",
      "media_list_data": [
        
      ],
      "string_list_data": [
        {
          "href": "https://www.instagram.com/nadin.kaljic",
          "value": "nadin.kaljic",
          "timestamp": 1720514230
        }
      ]
    },
    {
      "title": "",
      "media_list_data": [
        
      ],
      "string_list_data": [
        {
          "href": "https://www.instagram.com/2uk4",
          "value": "2uk4",
          "timestamp": 1710457914
        }
      ]
    }
  ]
}