{
  "relationships_permanent_follow_requests": [
    {
      "title": "",
      "media_list_data": [
        
      ],
      "string_list_data": [
        {
          "href": "https://www.instagram.com/fadyl_etame1",
          "value": "fadyl_etame1",
          "timestamp": 1726367742
        }
      ]
    },
    {
      "title": "",
      "media_list_data": [
        
      ],
      "string_list_data": [
        {
          "href": "https://www.instagram.com/arman.the.great",
          "value": "arman.the.great",
          "timestamp": 1724719548
        }
      ]
    },
    {
      "title": "",
      "media_list_data": [
        
      ],
      "string_list_data": [
        {
          "href": "https://www.instagram.com/aida.terzic.official",
          "value": "aida.terzic.official",
          "timestamp": 1723978302
        }
      ]
    },
    {
      "title": "",
      "media_list_data": [
        
      ],
      "string_list_data": [
        {
          "href": "https://www.instagram.com/itsrosehayes",
          "value": "itsrosehayes",
          "timestamp": 1723798167
        }
      ]
    },
    {
      "title": "",
      "media_list_data": [
        
      ],
      "string_list_data": [
        {
          "href": "https://www.instagram.com/solep.92",
          "value": "solep.92",
          "timestamp": 1723797984
        }
      ]
    },
    {
      "title": "",
      "media_list_data": [
        
      ],
      "string_list_data": [
        {
          "href": "https://www.instagram.com/laylamulic",
          "value": "laylamulic",
          "timestamp": 1723539867
        }
      ]
    },
    {
      "title": "",
      "media_list_data": [
        
      ],
      "string_list_data": [
        {
          "href": "https://www.instagram.com/emminah__",
          "value": "emminah__",
          "timestamp": 1723373180
        }
      ]
    },
    {
      "title": "",
      "media_list_data": [
        
      ],
      "string_list_data": [
        {
          "href": "https://www.instagram.com/dzejlana_jusic",
          "value": "dzejlana_jusic",
          "timestamp": 1723028647
        }
      ]
    },
    {
      "title": "",
      "media_list_data": [
        
      ],
      "string_list_data": [
        {
          "href": "https://www.instagram.com/leejla022",
          "value": "leejla022",
          "timestamp": 1722553504
        }
      ]
    },
    {
      "title": "",
      "media_list_data": [
        
      ],
      "string_list_data": [
        {
          "href": "https://www.instagram.com/cudaaa46",
          "value": "cudaaa46",
          "timestamp": 1722542791
        }
      ]
    },
    {
      "title": "",
      "media_list_data": [
        
      ],
      "string_list_data": [
        {
          "href": "https://www.instagram.com/ahmedstrinic",
          "value": "ahmedstrinic",
          "timestamp": 1722420976
        }
      ]
    },
    {
      "title": "",
      "media_list_data": [
        
      ],
      "string_list_data": [
        {
          "href": "https://www.instagram.com/lejlamtaa",
          "value": "lejlamtaa",
          "timestamp": 1722070394
        }
      ]
    },
    {
      "title": "",
      "media_list_data": [
        
      ],
      "string_list_data": [
        {
          "href": "https://www.instagram.com/lejla.dzanovic.poturkovic",
          "value": "lejla.dzanovic.poturkovic",
          "timestamp": 1721897178
        }
      ]
    },
    {
      "title": "",
      "media_list_data": [
        
      ],
      "string_list_data": [
        {
          "href": "https://www.instagram.com/nadin.kaljic",
          "value": "nadin.kaljic",
          "timestamp": 1720514230
        }
      ]
    }
  ]
}