{
  "relationships_unfollowed_users": [
    {
      "title": "",
      "media_list_data": [
        
      ],
      "string_list_data": [
        {
          "href": "https://www.instagram.com/nermina_komar",
          "value": "nermina_komar",
          "timestamp": 1727086509
        }
      ]
    },
    {
      "title": "",
      "media_list_data": [
        
      ],
      "string_list_data": [
        {
          "href": "https://www.instagram.com/unakosovic",
          "value": "unakosovic",
          "timestamp": 1727072445
        }
      ]
    },
    {
      "title": "",
      "media_list_data": [
        
      ],
      "string_list_data": [
        {
          "href": "https://www.instagram.com/aylin.ayliin",
          "value": "aylin.ayliin",
          "timestamp": 1726662249
        }
      ]
    },
    {
      "title": "",
      "media_list_data": [
        
      ],
      "string_list_data": [
        {
          "href": "https://www.instagram.com/mmajlaa",
          "value": "mmajlaa",
          "timestamp": 1726474831
        }
      ]
    },
    {
      "title": "",
      "media_list_data": [
        
      ],
      "string_list_data": [
        {
          "href": "https://www.instagram.com/fadyl_etame1",
          "value": "fadyl_etame1",
          "timestamp": 1726403985
        }
      ]
    },
    {
      "title": "",
      "media_list_data": [
        
      ],
      "string_list_data": [
        {
          "href": "https://www.instagram.com/iman.dzido",
          "value": "iman.dzido",
          "timestamp": 1726316480
        }
      ]
    },
    {
      "title": "",
      "media_list_data": [
        
      ],
      "string_list_data": [
        {
          "href": "https://www.instagram.com/a.i.i.s.a",
          "value": "a.i.i.s.a",
          "timestamp": 1726153390
        }
      ]
    },
    {
      "title": "",
      "media_list_data": [
        
      ],
      "string_list_data": [
        {
          "href": "https://www.instagram.com/imansa11",
          "value": "imansa11",
          "timestamp": 1725897868
        }
      ]
    },
    {
      "title": "",
      "media_list_data": [
        
      ],
      "string_list_data": [
        {
          "href": "https://www.instagram.com/doris_prstojevic",
          "value": "doris_prstojevic",
          "timestamp": 1725877502
        }
      ]
    },
    {
      "title": "",
      "media_list_data": [
        
      ],
      "string_list_data": [
        {
          "href": "https://www.instagram.com/video_serbia2023",
          "value": "video_serbia2023",
          "timestamp": 1725008601
        }
      ]
    },
    {
      "title": "",
      "media_list_data": [
        
      ],
      "string_list_data": [
        {
          "href": "https://www.instagram.com/janielrose",
          "value": "janielrose",
          "timestamp": 1725008551
        }
      ]
    },
    {
      "title": "",
      "media_list_data": [
        
      ],
      "string_list_data": [
        {
          "href": "https://www.instagram.com/tatianasarax",
          "value": "tatianasarax",
          "timestamp": 1724922260
        }
      ]
    },
    {
      "title": "",
      "media_list_data": [
        
      ],
      "string_list_data": [
        {
          "href": "https://www.instagram.com/bejbianah",
          "value": "bejbianah",
          "timestamp": 1724709489
        }
      ]
    },
    {
      "title": "",
      "media_list_data": [
        
      ],
      "string_list_data": [
        {
          "href": "https://www.instagram.com/ilhanaa.s",
          "value": "ilhanaa.s",
          "timestamp": 1724676678
        }
      ]
    },
    {
      "title": "",
      "media_list_data": [
        
      ],
      "string_list_data": [
        {
          "href": "https://www.instagram.com/taida7",
          "value": "taida7",
          "timestamp": 1724082110
        }
      ]
    },
    {
      "title": "",
      "media_list_data": [
        
      ],
      "string_list_data": [
        {
          "href": "https://www.instagram.com/svrakic_faris",
          "value": "svrakic_faris",
          "timestamp": 1723979264
        }
      ]
    },
    {
      "title": "",
      "media_list_data": [
        
      ],
      "string_list_data": [
        {
          "href": "https://www.instagram.com/the_farre",
          "value": "the_farre",
          "timestamp": 1723979256
        }
      ]
    },
    {
      "title": "",
      "media_list_data": [
        
      ],
      "string_list_data": [
        {
          "href": "https://www.instagram.com/novi.sad.fotograf",
          "value": "novi.sad.fotograf",
          "timestamp": 1723799001
        }
      ]
    },
    {
      "title": "",
      "media_list_data": [
        
      ],
      "string_list_data": [
        {
          "href": "https://www.instagram.com/kachetty",
          "value": "kachetty",
          "timestamp": 1723798998
        }
      ]
    },
    {
      "title": "",
      "media_list_data": [
        
      ],
      "string_list_data": [
        {
          "href": "https://www.instagram.com/photo_samotik",
          "value": "photo_samotik",
          "timestamp": 1723798997
        }
      ]
    },
    {
      "title": "",
      "media_list_data": [
        
      ],
      "string_list_data": [
        {
          "href": "https://www.instagram.com/natalik_photo",
          "value": "natalik_photo",
          "timestamp": 1723798985
        }
      ]
    },
    {
      "title": "",
      "media_list_data": [
        
      ],
      "string_list_data": [
        {
          "href": "https://www.instagram.com/ibojabalazphotography",
          "value": "ibojabalazphotography",
          "timestamp": 1723798984
        }
      ]
    },
    {
      "title": "",
      "media_list_data": [
        
      ],
      "string_list_data": [
        {
          "href": "https://www.instagram.com/karetnikova.ph",
          "value": "karetnikova.ph",
          "timestamp": 1723798982
        }
      ]
    },
    {
      "title": "",
      "media_list_data": [
        
      ],
      "string_list_data": [
        {
          "href": "https://www.instagram.com/alekseivideosad",
          "value": "alekseivideosad",
          "timestamp": 1723798980
        }
      ]
    },
    {
      "title": "",
      "media_list_data": [
        
      ],
      "string_list_data": [
        {
          "href": "https://www.instagram.com/stasy.photograph",
          "value": "stasy.photograph",
          "timestamp": 1723798979
        }
      ]
    },
    {
      "title": "",
      "media_list_data": [
        
      ],
      "string_list_data": [
        {
          "href": "https://www.instagram.com/laylamulic",
          "value": "laylamulic",
          "timestamp": 1723798899
        }
      ]
    },
    {
      "title": "",
      "media_list_data": [
        
      ],
      "string_list_data": [
        {
          "href": "https://www.instagram.com/solep.92",
          "value": "solep.92",
          "timestamp": 1723798891
        }
      ]
    },
    {
      "title": "",
      "media_list_data": [
        
      ],
      "string_list_data": [
        {
          "href": "https://www.instagram.com/itsrosehayes",
          "value": "itsrosehayes",
          "timestamp": 1723798872
        }
      ]
    },
    {
      "title": "",
      "media_list_data": [
        
      ],
      "string_list_data": [
        {
          "href": "https://www.instagram.com/nnsnansnahdhdhjf",
          "value": "nnsnansnahdhdhjf",
          "timestamp": 1723771004
        }
      ]
    },
    {
      "title": "",
      "media_list_data": [
        
      ],
      "string_list_data": [
        {
          "href": "https://www.instagram.com/farahdzelilovic",
          "value": "farahdzelilovic",
          "timestamp": 1723641580
        }
      ]
    },
    {
      "title": "",
      "media_list_data": [
        
      ],
      "string_list_data": [
        {
          "href": "https://www.instagram.com/veryenskaya",
          "value": "veryenskaya",
          "timestamp": 1723540771
        }
      ]
    },
    {
      "title": "",
      "media_list_data": [
        
      ],
      "string_list_data": [
        {
          "href": "https://www.instagram.com/nudzaaaa",
          "value": "nudzaaaa",
          "timestamp": 1723385140
        }
      ]
    },
    {
      "title": "",
      "media_list_data": [
        
      ],
      "string_list_data": [
        {
          "href": "https://www.instagram.com/ajlahodzic96",
          "value": "ajlahodzic96",
          "timestamp": 1723377331
        }
      ]
    },
    {
      "title": "",
      "media_list_data": [
        
      ],
      "string_list_data": [
        {
          "href": "https://www.instagram.com/norriaky",
          "value": "norriaky",
          "timestamp": 1723191747
        }
      ]
    },
    {
      "title": "",
      "media_list_data": [
        
      ],
      "string_list_data": [
        {
          "href": "https://www.instagram.com/doratadin",
          "value": "doratadin",
          "timestamp": 1723012764
        }
      ]
    },
    {
      "title": "",
      "media_list_data": [
        
      ],
      "string_list_data": [
        {
          "href": "https://www.instagram.com/nejrabiber",
          "value": "nejrabiber",
          "timestamp": 1722711831
        }
      ]
    },
    {
      "title": "",
      "media_list_data": [
        
      ],
      "string_list_data": [
        {
          "href": "https://www.instagram.com/leejla022",
          "value": "leejla022",
          "timestamp": 1722639079
        }
      ]
    },
    {
      "title": "",
      "media_list_data": [
        
      ],
      "string_list_data": [
        {
          "href": "https://www.instagram.com/camo.anisa",
          "value": "camo.anisa",
          "timestamp": 1722455840
        }
      ]
    },
    {
      "title": "",
      "media_list_data": [
        
      ],
      "string_list_data": [
        {
          "href": "https://www.instagram.com/svetlaya.ca",
          "value": "svetlaya.ca",
          "timestamp": 1722217698
        }
      ]
    }
  ]
}